{
    "training_config": {
        "training_data_paths": "['/content/stock_data.arrow']",
        "probability": "[1.0]",
        "context_length": 512,
        "prediction_length": 64,
        "min_past": 64,
        "max_steps": 10000,
        "save_steps": 50000,
        "log_steps": 500,
        "per_device_train_batch_size": 32,
        "learning_rate": 0.001,
        "optim": "adamw_torch_fused",
        "shuffle_buffer_length": 1000,
        "gradient_accumulation_steps": 2,
        "model_id": "amazon/chronos-t5-tiny",
        "model_type": "seq2seq",
        "random_init": false,
        "tie_embeddings": false,
        "output_dir": "./output/",
        "tf32": false,
        "torch_compile": false,
        "tokenizer_class": "MeanScaleUniformBins",
        "tokenizer_kwargs": "{'low_limit': -15.0, 'high_limit': 15.0}",
        "n_tokens": 4096,
        "n_special_tokens": 2,
        "pad_token_id": 0,
        "eos_token_id": 1,
        "use_eos_token": true,
        "lr_scheduler_type": "linear",
        "warmup_ratio": 0.0,
        "dataloader_num_workers": 1,
        "max_missing_prop": 0.9,
        "num_samples": 20,
        "temperature": 1.0,
        "top_k": 50,
        "top_p": 1.0,
        "seed": 238316161
    },
    "job_info": {
        "cuda_available": true,
        "device_count": 1,
        "device_names": {
            "0": "Tesla T4"
        },
        "mem_info": {
            "0": [
                11928731648,
                15828320256
            ]
        },
        "torchelastic_launched": false,
        "python_version": "3.11.11 (main, Dec  4 2024, 08:55:07) [GCC 11.4.0]",
        "torch_version": "2.5.1+cu124",
        "numpy_version": "1.26.4",
        "gluonts_version": "0.16.0",
        "transformers_version": "4.47.1",
        "accelerate_version": "0.34.2"
    }
}